"","Cereal","Meat","Timber","Recreation"
"C_Cereal",1.22943139390404,0,0,0
"NC_Cereal",0.737658836342425,0,0,0.0413
"C_Livestock",0,0.812478508346714,0,0
"NC_Livestock",0,0.487487105008028,0,0.0413
"VLI_Livestock",0,0.00812478508346714,0,0.0826
"Forester",0,0,8.419,0.0413
